"Reference","Value","Footprint","Qty","MPN","Digikey","Manufacturer"
"A1","RaspberryPi Pico","Module:RaspberryPi_Pico_Common_Unspecified","1","PIM724","1778-PIM724-ND","Pimoroni"
"C-1,C-2,C-3,C-4,C_1,C_2,C_3,C_4","4.7uF","Capacitor_SMD:C_0805_2012Metric","8","CL21B475KOFNFNE","1276-2970-1-ND","Samsung Electro-Mechanics"
"C-5,C-9,C1,C2,C3,Cin1,C_5","0.1u","Capacitor_SMD:C_0805_2012Metric","7","CL21B104KBCNNNC","1276-1003-1-ND","Samsung Electro-Mechanics"
"C-6","620p","Capacitor_SMD:C_0805_2012Metric","1","GRM2165C1H621JA01D","490-1618-1-ND","Murata Electronics"
"C-7,C_7","6.8p","Capacitor_SMD:C_0805_2012Metric","2","C0805C689C3HACAUTO","399-C0805C689C3HACAUTOCT-ND","KEMET"
"C-8,C_8","47u","LEOS:CAPAE660X600N","2","A768EB476M1VLAE042","399-A768EB476M1VLAE042CT-ND","KEMET"
"C4,C5","10p","Capacitor_SMD:C_0805_2012Metric","2","CL21C100CBANNNC","1276-2561-1-ND","Samsung Electro-Mechanics"
"C6,C7","22u","Capacitor_SMD:C_1206_3216Metric","2","CL31A226MOCLNNC","1276-2728-1-ND","Samsung Electro-Mechanics"
"CdVdt1,C_6","4.7n","Capacitor_SMD:C_0805_2012Metric","2","C0805C472J3GEC7210","399-C0805C472J3GEC7210CT-ND","KEMET"
"Cin2,Cout1,Cout2","10uF","Capacitor_SMD:C_0805_2012Metric","3","CL21X106KAYNNNE","1276-6698-1-ND","Samsung Electro-Mechanics"
"D-1,D_1","60V 20A","Diode_THT:D_DO-201AD_P15.24mm_Horizontal","2","SB2060","1655-SB2060CT-ND","SMC Diode Solutions"
"J1,J2","MicroFit_1x4","LEOS:Molex_MicroFit3.0_43650-0410_1x04_Horizontal","2","0436500409","WM1882CT-ND","Molex"
"J3","Power Input","Connector_AMASS:AMASS_XT60IPW-M_1x03_P7.20mm_Horizontal","1","","","JST"
"J4,J5,J6","5V","Connector_JST:JST_XH_S2B-XH-A_1x02_P2.50mm_Horizontal","3"," S2B-XH-A"," 455-S2B-XH-A-ND","JST"
"J7,J8,J9","1-18V","Connector_JST:JST_XH_S2B-XH-A_1x02_P2.50mm_Horizontal","3"," S2B-XH-A"," 455-S2B-XH-A-ND","JST"
"L-1","10uH","LEOS:IND_BOURNS_SRR1280","1","SRR1280-100M","SRR1280-100MCT-ND","Bourns Inc."
"L_1","4.7uH","LEOS:IND_SRP7028A-4R7M_BRN","1","SRP7028A-4R7M","SRP7028A-4R7MCT-ND","Bourns Inc."
"R-1","390k","Resistor_SMD:R_0805_2012Metric","1","RMCF0805FT390K","RMCF0805FT390KCT-ND","Stackpole Electronics Inc"
"R-2","56.2k","Resistor_SMD:R_0805_2012Metric","1","RMCF0805FT56K2","RMCF0805FT56K2CT-ND","Stackpole Electronics Inc"
"R-3","1.1k","Resistor_SMD:R_0805_2012Metric","1","RMCF0805FT1K10","RMCF0805FT1K10CT-ND","Stackpole Electronics Inc"
"R-4","25.5k","Resistor_SMD:R_0805_2012Metric","1","RMCF0805FT25K5","RMCF0805FT25K5CT-ND","Stackpole Electronics Inc"
"R.1","150k","Resistor_THT:R_Axial_DIN0207_L6.3mm_D2.5mm_P10.16mm_Horizontal","1","MFR-25FTE52-160K","13-MFR-25FTE52-160KCT-ND","YAGEO"
"R.2","10k","Resistor_THT:R_Axial_DIN0207_L6.3mm_D2.5mm_P10.16mm_Horizontal","1","MFR-25FRF52-10K","13-MFR-25FRF52-10KCT-ND","YAGEO"
"R_1","147k","Resistor_SMD:R_0805_2012Metric","1","RMCF0805FT147K","RMCF0805FT147KCT-ND","Stackpole Electronics Inc"
"R_2","23.7k","Resistor_SMD:R_0805_2012Metric","1","RMCF0805FT23K7","738-RMCF0805FT23K7CT-ND","Stackpole Electronics Inc"
"R_3","60.4k","Resistor_SMD:R_0805_2012Metric","1","RMCF0805FT60K4","RMCF0805FT60K4CT-ND","Stackpole Electronics Inc"
"R_4","11.5k","Resistor_SMD:R_0805_2012Metric","1","RMCF0805FT11K5","RMCF0805FT11K5CT-ND","Stackpole Electronics Inc"
"R_ILIM1","3.0k","Resistor_SMD:R_0805_2012Metric","1","RMCF0805FT3K00","RMCF0805FT3K00CT-ND","Stackpole Electronics Inc"
"U1","MCP2518FD","Package_SO:SOIC-14_3.9x8.7mm_P1.27mm","1","MCP2518FDT-E/SL","MCP2518FDT-E/SLCT-ND ","Microchip"
"U2","MCP2562FD","Package_SO:SOIC-8_3.9x4.9mm_P1.27mm","1","MCP2562FDT-H/SN","MCP2562FDT-E/SNCT-ND","Microchip"
"U3,U5","TPS54540BDDA","LEOS:SO-POWERPAD8_DDA_TEX","2","TPS54540BDDA","296-TPS54540BDDA-ND","Texas Instruments"
"U4","TPS16630PWPR","LEOS:HTSSOP20_PWP_TEX","1","TPS16630PWPT","296-TPS16630PWPTCT-ND","Texas Instruments"
"U6","MCP41HV51-104E/MQ","LEOS:QFN20_5x5MC_MCH","1","MCP41HV51-104E/MQ","MCP41HV51-104E/MQ-ND","Microchip Technology"
"Y1","40 MHz","Crystal:Crystal_SMD_2016-4Pin_2.0x1.6mm","1","ECS-400-10-37B2-CKY-TR","50-ECS-400-10-37B2-CKY-TRCT-ND","ECS Inc,"
